movieId,rating,count_ratings
318,4.429022082018927,317
858,4.2890625,192
2959,4.272935779816514
1221,4.25968992248062,129
1213,4.25,126
